member,expression,augmentation,source_file,width,height,gray_mean,gray_std,gray_min,gray_max,color_hist_0,color_hist_1,color_hist_2,color_hist_3,color_hist_4,color_hist_5,color_hist_6,color_hist_7,color_hist_8,color_hist_9,color_hist_10,color_hist_11,color_hist_12,color_hist_13,color_hist_14,color_hist_15,color_hist_16,color_hist_17,color_hist_18,color_hist_19,color_hist_20,color_hist_21,color_hist_22,color_hist_23,color_hist_24,color_hist_25,color_hist_26,color_hist_27,color_hist_28,color_hist_29,color_hist_30,color_hist_31,color_hist_32,color_hist_33,color_hist_34,color_hist_35,color_hist_36,color_hist_37,color_hist_38,color_hist_39,color_hist_40,color_hist_41,color_hist_42,color_hist_43,color_hist_44,color_hist_45,color_hist_46,color_hist_47,hog_hist_0,hog_hist_1,hog_hist_2,hog_hist_3,hog_hist_4,hog_hist_5,hog_hist_6,hog_hist_7,hog_hist_8,hog_hist_9,hog_hist_10,hog_hist_11,hog_hist_12,hog_hist_13,hog_hist_14,hog_hist_15,hog_hist_16,hog_hist_17,hog_hist_18,hog_hist_19,hog_hist_20,hog_hist_21,hog_hist_22,hog_hist_23,hog_hist_24,hog_hist_25,hog_hist_26,hog_hist_27,hog_hist_28,hog_hist_29,hog_hist_30,hog_hist_31
amaliza,neutral,original,images/amaliza/neutral.jpg,300,300,188.77886666666666,70.52588815498099,11.0,247.0,6.971677559912854e-05,0.006288453159041395,0.006246623093681918,0.0002391285403050109,2.5098039215686273e-05,0.0,1.3943355119825709e-05,0.0002244880174291939,0.0,0.0,0.0,0.0,0.00011642701525054466,0.03660409586056645,0.012912941176470589,4.183006535947712e-06,6.971677559912854e-06,0.006706753812636166,0.0010541176470588237,2.0915032679738563e-05,0.0,0.0,6.971677559912854e-07,6.971677559912854e-05,0.005210631808278867,3.764705882352941e-05,4.880174291938997e-06,0.013350065359477125,0.0002684095860566449,0.0,0.00034579520697167757,0.03566849673202614,0.00038483660130718953,0.006414640522875817,0.00098718954248366,2.091503267973856e-06,0.0003018736383442266,0.005014727668845316,2.091503267973856e-06,0.0,0.00017289760348583878,0.012928278867102396,0.0005033551198257081,1.8823529411764704e-05,1.3943355119825708e-06,0.035424488017429194,0.0005884095860566449,0.0,25.66705116626298,1.799307960726644,0.49519415671280276,0.37216455256055364,0.20607458695501732,0.1937716265397924,0.20607458695501732,0.1814686661245675,0.13225682446366796,0.258362168719723,0.21837754737024204,0.2245290275778549,0.332179931211073,0.34140715152249107,0.2245290275778545,0.24298346820069228,0.22145328747404866,0.1845444062283739,0.1630142255017297,0.06151480207612463,0.0492118416608997,0.04613610155709331,0.11380238384083056,0.006151480207612463,0.012302960415224926,0.0030757401038062314,0.0030757401038062205,0.0030757401038062314,0.006151480207612463,0.0030757401038062205,0.0,0.027681660934256083
amaliza,neutral,rotated,images/amaliza/neutral.jpg,368,368,210.99623405009453,65.43824617978429,11.0,255.0,4.494236257830164e-05,0.004176859779828755,0.004153693613551281,0.00015706660736128098,1.806960969643056e-05,0.0,9.266466510990029e-06,0.00014919011082693948,0.0,0.0,0.0,0.0,7.922828866896474e-05,0.024326791207976574,0.008581211312502316,0.021048778679713852,4.6332332554950145e-06,0.004459950331739501,0.0006954483116498018,1.4363023092034545e-05,0.0,0.0,4.6332332554950144e-07,4.540568590385115e-05,0.0034642685051336224,2.4556136254123578e-05,3.2432632788465102e-06,0.008872178360947404,0.00017930612698765705,0.0,0.00022980836947255272,0.04475147336817525,0.00025529115237777527,0.004258404685125468,0.0006593090922569405,1.3899699766485043e-06,0.00020015567663738464,0.0033331480040031136,1.3899699766485043e-06,0.0,0.00011258756810852885,0.008593721042292153,0.00033544608769783905,1.2973053115386041e-05,9.266466510990029e-07,0.02354053152451907,0.0003938248267170763,0.021045998739760555,26.464646497727273,0.9935720857231405,0.3122130398760331,0.23507805355371902,0.23507805355371902,0.15610651993801655,0.20018365497933885,0.14876033076446282,0.1450872361776861,0.3103764925826444,0.17630854016528913,0.3507805330371905,0.48852158004132284,0.30670339799586754,0.2846648304752064,0.3875114789049591,0.4921946746280997,0.07713498632231412,0.0514233242148759,0.016528925640495885,0.01101928376033059,0.0440771350413222,0.09182736466942158,0.0,0.0,0.0,0.0,0.0,0.0018365472933884316,0.0,0.0,0.018365472933884314
amaliza,neutral,flipped,images/amaliza/neutral.jpg,300,300,188.77886666666666,70.52588815498099,11.0,247.0,6.971677559912854e-05,0.006288453159041395,0.006246623093681918,0.0002391285403050109,2.5098039215686273e-05,0.0,1.3943355119825709e-05,0.0002244880174291939,0.0,0.0,0.0,0.0,0.00011642701525054466,0.03660409586056645,0.012912941176470589,4.183006535947712e-06,6.971677559912854e-06,0.006706753812636166,0.0010541176470588237,2.0915032679738563e-05,0.0,0.0,6.971677559912854e-07,6.971677559912854e-05,0.005210631808278867,3.764705882352941e-05,4.880174291938997e-06,0.013350065359477125,0.0002684095860566449,0.0,0.00034579520697167757,0.03566849673202614,0.00038483660130718953,0.006414640522875817,0.00098718954248366,2.091503267973856e-06,0.0003018736383442266,0.005014727668845316,2.091503267973856e-06,0.0,0.00017289760348583878,0.012928278867102396,0.0005033551198257081,1.8823529411764704e-05,1.3943355119825708e-06,0.035424488017429194,0.0005884095860566449,0.0,25.553248782422152,1.842368322179931,0.5567089587889275,0.29527104996539794,0.2029988468512111,0.2029988468512111,0.17531718591695503,0.16916570570934258,0.1845444062283739,0.2368319879930794,0.3291041911072662,0.2860438296539795,0.34755863173010415,0.38446751297577825,0.22760476768166074,0.2860438296539795,0.15378700519031158,0.19069588643598634,0.11687812394463638,0.015378700519031157,0.03998462134948101,0.024605920830449764,0.1168781239446368,0.006151480207612463,0.0030757401038062314,0.006151480207612463,0.006151480207612441,0.0030757401038062314,0.0030757401038062314,0.0030757401038062205,0.0030757401038062314,0.027681660934256083
amaliza,neutral,grayscale,images/amaliza/neutral.jpg,300,300,188.77886666666666,70.52588815498099,11.0,247.0,4.880174291938997e-06,0.006923572984749455,0.0006218736383442265,1.1851851851851852e-05,0.00022657952069716773,6.971677559912854e-06,0.0053082352941176475,3.485838779956427e-06,0.0,0.0,0.0,0.0005152069716775599,0.013108148148148148,6.971677559912854e-07,0.035904139433551197,0.00010945533769063182,4.880174291938997e-06,0.006923572984749455,0.0006218736383442265,1.1851851851851852e-05,0.00022657952069716773,6.971677559912854e-06,0.0053082352941176475,3.485838779956427e-06,0.0,0.0,0.0,0.0005152069716775599,0.013108148148148148,6.971677559912854e-07,0.035904139433551197,0.00010945533769063182,4.880174291938997e-06,0.006923572984749455,0.0006218736383442265,1.1851851851851852e-05,0.00022657952069716773,6.971677559912854e-06,0.0053082352941176475,3.485838779956427e-06,0.0,0.0,0.0,0.0005152069716775599,0.013108148148148148,6.971677559912854e-07,0.035904139433551197,0.00010945533769063182,26.5651672765744,1.5532487524221454,0.45213379525951564,0.26758938903114193,0.13533256456747408,0.14455978487889273,0.19069588643598617,0.11380238384083045,0.12918108435986173,0.23068050778546698,0.19992310674740468,0.11995386404844302,0.3198769707958481,0.3444828916262973,0.2245290275778545,0.19992310674740504,0.1353325645674742,0.15993848539792405,0.16916570570934214,0.04306036145328724,0.03690888124567478,0.012302960415224882,0.1876201463321801,0.0,0.0030757401038062314,0.0030757401038062314,0.0,0.0,0.006151480207612463,0.0,0.0,0.05228758176470594
amaliza,smiling,original,images/amaliza/smiling.jpg,300,300,188.59684444444446,70.67956453866847,11.0,247.0,6.971677559912854e-05,0.006288453159041395,0.006246623093681918,0.0002391285403050109,2.5098039215686273e-05,0.0,6.274509803921569e-05,0.00026143790849673205,2.7886710239651416e-06,0.0,0.0,0.0,0.00011642701525054466,0.03670379084967321,0.012711459694989106,1.7429193899782134e-05,6.971677559912854e-06,0.006708845315904139,0.0010792156862745098,8.226579520697168e-05,0.0,0.0,6.971677559912854e-07,6.971677559912854e-05,0.005210631808278867,3.764705882352941e-05,1.3246187363834422e-05,0.013232244008714597,0.00028932461873638346,0.0,0.00034579520697167757,0.03566849673202614,0.00038483660130718953,0.0064515904139433545,0.0010255337690631809,1.533769063180828e-05,0.0003018736383442266,0.005014727668845316,2.091503267973856e-06,0.0,0.00019311546840958604,0.012783267973856208,0.0005396078431372549,1.8823529411764704e-05,1.3943355119825708e-06,0.035424488017429194,0.0005884095860566449,0.0,25.4302191782699,1.9592464461245678,0.44905805515570935,0.3752402926643599,0.2276047676816609,0.1814686661245675,0.21530180726643602,0.1937716265397924,0.1384083046712804,0.2614379088235292,0.2245290275778545,0.26758938903114216,0.33833141141868545,0.3936947332871969,0.24605920830449807,0.2614379088235297,0.22145328747404866,0.14455978487889287,0.1783929260207608,0.0676662822837371,0.027681660934256083,0.06151480207612441,0.07074202238754332,0.006151480207612463,0.012302960415224926,0.0030757401038062314,0.0030757401038062205,0.0030757401038062314,0.006151480207612463,0.0030757401038062205,0.0,0.027681660934256083
amaliza,smiling,rotated,images/amaliza/smiling.jpg,368,368,210.8751255316635,65.58967651638164,11.0,255.0,4.494236257830164e-05,0.004176859779828755,0.004153693613551281,0.00015706660736128098,1.806960969643056e-05,0.0,4.123577597390563e-05,0.00017420957040661255,1.8532933021980058e-06,0.0,0.0,0.0,7.922828866896474e-05,0.0243944364135068,0.008445457578116313,0.021058045146224842,4.6332332554950145e-06,0.004461340301716149,0.0007144445679973312,5.281885911264317e-05,0.0,0.0,4.6332332554950144e-07,4.540568590385115e-05,0.0034642685051336224,2.4556136254123578e-05,9.266466510990029e-06,0.008793413395603987,0.0001932058267541421,0.0,0.00022980836947255272,0.04475147336817525,0.00025529115237777527,0.004282497498054042,0.0006847918751621631,1.0656436487638533e-05,0.00020015567663738464,0.0033331480040031136,1.3899699766485043e-06,0.0,0.00012834056117721189,0.008494569850624559,0.0003600022239519626,1.2973053115386041e-05,9.266466510990029e-07,0.02354053152451907,0.0003938248267170763,0.021045998739760555,26.290174504855376,1.0853994503925621,0.3360881546900827,0.25528007378099177,0.26078971566115705,0.1726354455785124,0.18732782392561986,0.1414141415909091,0.14325068888429765,0.30303030340909065,0.19283746580578498,0.35261708033057887,0.4719926544008269,0.3195592290495865,0.3250688709297518,0.3728191005578516,0.49770431650826497,0.07529843902892569,0.04775022962809905,0.009182736466942157,0.01101928376033059,0.04040404045454535,0.08815427008264472,0.0,0.0,0.0,0.0,0.0,0.0018365472933884316,0.0,0.0,0.018365472933884314
amaliza,smiling,flipped,images/amaliza/smiling.jpg,300,300,188.59684444444446,70.67956453866847,11.0,247.0,6.971677559912854e-05,0.006288453159041395,0.006246623093681918,0.0002391285403050109,2.5098039215686273e-05,0.0,6.274509803921569e-05,0.00026143790849673205,2.7886710239651416e-06,0.0,0.0,0.0,0.00011642701525054466,0.03670379084967321,0.012711459694989106,1.7429193899782134e-05,6.971677559912854e-06,0.006708845315904139,0.0010792156862745098,8.226579520697168e-05,0.0,0.0,6.971677559912854e-07,6.971677559912854e-05,0.005210631808278867,3.764705882352941e-05,1.3246187363834422e-05,0.013232244008714597,0.00028932461873638346,0.0,0.00034579520697167757,0.03566849673202614,0.00038483660130718953,0.0064515904139433545,0.0010255337690631809,1.533769063180828e-05,0.0003018736383442266,0.005014727668845316,2.091503267973856e-06,0.0,0.00019311546840958604,0.012783267973856208,0.0005396078431372549,1.8823529411764704e-05,1.3943355119825708e-06,0.035424488017429194,0.0005884095860566449,0.0,25.304113834013844,1.9838523669550177,0.5444059983737025,0.30449827027681664,0.19992310674740488,0.21530180726643602,0.19069588643598617,0.1814686661245675,0.1876201463321801,0.24605920830449807,0.34140715152249107,0.27989234944636704,0.3844675129757789,0.4183006541176468,0.23068050778546698,0.29834679006920445,0.1876201463321801,0.15993848539792405,0.11072664373702394,0.02153018072664362,0.03998462134948101,0.030757401038062206,0.08304498280276824,0.006151480207612463,0.0030757401038062314,0.0,0.006151480207612441,0.0030757401038062314,0.0030757401038062314,0.0030757401038062205,0.0030757401038062314,0.027681660934256083
amaliza,smiling,grayscale,images/amaliza/smiling.jpg,300,300,188.59684444444446,70.67956453866847,11.0,247.0,4.880174291938997e-06,0.006923572984749455,0.0006218736383442265,0.00010318082788671025,0.00022379084967320262,6.971677559912854e-06,0.0053082352941176475,3.485838779956427e-06,0.0,0.0,0.0,0.0006190849673202614,0.012915729847494554,6.971677559912854e-07,0.035904139433551197,0.00010945533769063182,4.880174291938997e-06,0.006923572984749455,0.0006218736383442265,0.00010318082788671025,0.00022379084967320262,6.971677559912854e-06,0.0053082352941176475,3.485838779956427e-06,0.0,0.0,0.0,0.0006190849673202614,0.012915729847494554,6.971677559912854e-07,0.035904139433551197,0.00010945533769063182,4.880174291938997e-06,0.006923572984749455,0.0006218736383442265,0.00010318082788671025,0.00022379084967320262,6.971677559912854e-06,0.0053082352941176475,3.485838779956427e-06,0.0,0.0,0.0,0.0006190849673202614,0.012915729847494554,6.971677559912854e-07,0.035904139433551197,0.00010945533769063182,26.27912344692042,1.7131872378200692,0.4398308348442907,0.26758938903114193,0.1507112650865052,0.1507112650865052,0.19992310674740488,0.12302960415224914,0.11995386404844302,0.22760476768166074,0.21222606716262957,0.16301422550173025,0.3752402926643602,0.35678585204152224,0.24605920830449807,0.23068050778546736,0.1261053442560555,0.14455978487889287,0.16916570570934214,0.04306036145328724,0.02460592083044985,0.024605920830449764,0.1568627452941178,0.0,0.0030757401038062314,0.0030757401038062314,0.0,0.0,0.006151480207612463,0.0,0.0,0.04306036145328724
amaliza,surprised,original,images/amaliza/surprised.jpg,300,300,187.55327777777777,71.72681743431932,11.0,247.0,7.111111111111112e-05,0.006432069716775599,0.006365141612200436,0.00024610021786492377,2.5098039215686273e-05,0.0,5.1590413943355124e-05,0.0004329411764705882,2.7886710239651416e-06,0.0,0.0,0.0,0.00014013071895424835,0.03669960784313726,0.012262483660130719,1.6034858387799564e-05,8.366013071895424e-06,0.006945882352941177,0.0012890631808278867,6.483660130718953e-05,0.0,0.0,6.971677559912854e-07,6.971677559912854e-05,0.005210631808278867,3.764705882352941e-05,1.952069716775599e-05,0.012781873638344226,0.0003025708061002179,0.0,0.00034579520697167757,0.03566849673202614,0.0004301525054466231,0.006645403050108933,0.0012172549019607844,1.533769063180828e-05,0.0003018736383442266,0.005014727668845316,2.091503267973856e-06,0.0,0.0001875381263616558,0.012312679738562093,0.000557037037037037,4.113289760348584e-05,6.971677559912854e-06,0.035424488017429194,0.0005884095860566449,0.0,25.43637065847751,1.8577470226989623,0.49826989681660905,0.35986159214532876,0.2214532874740485,0.19684736664359864,0.19992310674740488,0.1599384853979239,0.11995386404844302,0.286043829653979,0.30449827027681636,0.3598615921453291,0.33833141141868545,0.3875432530795845,0.21837754737024204,0.2368319879930798,0.19377162653979257,0.1876201463321801,0.16916570570934214,0.055363321868512165,0.02460592083044985,0.04306036145328709,0.07381776249134955,0.009227220311418694,0.015378700519031157,0.0030757401038062314,0.006151480207612441,0.0,0.0030757401038062314,0.0030757401038062205,0.0,0.030757401038062314
amaliza,surprised,rotated,images/amaliza/surprised.jpg,368,368,210.1703316989603,66.59262305501419,11.0,255.0,4.586900922940065e-05,0.004274157678194152,0.004235701842173542,0.00016123651729122652,1.806960969643056e-05,0.0,3.4285926090663114e-05,0.00028726046184069086,1.8532933021980058e-06,0.0,0.0,0.0,9.590792838874681e-05,0.024383316653693612,0.00814985729641573,0.02105758182289929,5.559879906594017e-06,0.004624893435635124,0.0008501983023833352,4.308906927610363e-05,0.0,0.0,4.6332332554950144e-07,4.540568590385115e-05,0.0034642685051336224,2.4556136254123578e-05,1.250972978983654e-05,0.008489009970717965,0.00020386226324178066,0.0,0.00022980836947255272,0.04475147336817525,0.00028957707846843846,0.004411301382556803,0.000811279143037177,1.1583083138737537e-05,0.00020015567663738464,0.0033331480040031136,1.3899699766485043e-06,0.0,0.0001260239445494644,0.008177656695948702,0.0003706586604396012,2.779939953297009e-05,4.169909929945513e-06,0.02354053152451907,0.0003938248267170763,0.021045998739760555,26.301193788615706,1.0174472005371902,0.3379247019834711,0.24242424272727275,0.2534435264876033,0.18549127663223144,0.2038567495661157,0.16528925640495867,0.14692378347107451,0.2809917358884295,0.24242424272727256,0.3764921951446285,0.4775022962809922,0.30119375611570226,0.29752066152892537,0.3728191005578516,0.5123966948553724,0.08448117549586785,0.045913682334710625,0.005509641880165295,0.0036730945867768632,0.04040404045454535,0.08448117549586785,0.0,0.0,0.0,0.0,0.0,0.0018365472933884316,0.0,0.0,0.018365472933884314
amaliza,surprised,flipped,images/amaliza/surprised.jpg,300,300,187.55327777777777,71.72681743431932,11.0,247.0,7.111111111111112e-05,0.006432069716775599,0.006365141612200436,0.00024610021786492377,2.5098039215686273e-05,0.0,5.1590413943355124e-05,0.0004329411764705882,2.7886710239651416e-06,0.0,0.0,0.0,0.00014013071895424835,0.03669960784313726,0.012262483660130719,1.6034858387799564e-05,8.366013071895424e-06,0.006945882352941177,0.0012890631808278867,6.483660130718953e-05,0.0,0.0,6.971677559912854e-07,6.971677559912854e-05,0.005210631808278867,3.764705882352941e-05,1.952069716775599e-05,0.012781873638344226,0.0003025708061002179,0.0,0.00034579520697167757,0.03566849673202614,0.0004301525054466231,0.006645403050108933,0.0012172549019607844,1.533769063180828e-05,0.0003018736383442266,0.005014727668845316,2.091503267973856e-06,0.0,0.0001875381263616558,0.012312679738562093,0.000557037037037037,4.113289760348584e-05,6.971677559912854e-06,0.035424488017429194,0.0005884095860566449,0.0,25.35640141577855,1.8608227628027685,0.53825451816609,0.3106497504844291,0.18762014633217994,0.23068050778546714,0.19069588643598617,0.19992310674740488,0.1876201463321801,0.29834679006920395,0.33833141141868484,0.4029219535986164,0.3844675129757789,0.38139177287197207,0.19377162653979224,0.27374086923875457,0.1353325645674742,0.16916570570934272,0.1199538640484426,0.01845444062283739,0.03383314114186855,0.04921184166089953,0.08304498280276824,0.006151480207612463,0.0,0.0030757401038062314,0.006151480207612441,0.0030757401038062314,0.0,0.0030757401038062205,0.0,0.03383314114186855
amaliza,surprised,grayscale,images/amaliza/surprised.jpg,300,300,187.55327777777777,71.72681743431932,11.0,247.0,4.880174291938997e-06,0.00715363834422658,0.0006623093681917212,9.132897603485838e-05,0.00039529411764705884,7.66884531590414e-06,0.0053082352941176475,3.485838779956427e-06,0.0,0.0,1.3943355119825708e-06,0.0005661002178649237,0.012536470588235293,6.971677559912854e-07,0.035904139433551197,0.00010945533769063182,4.880174291938997e-06,0.00715363834422658,0.0006623093681917212,9.132897603485838e-05,0.00039529411764705884,7.66884531590414e-06,0.0053082352941176475,3.485838779956427e-06,0.0,0.0,1.3943355119825708e-06,0.0005661002178649237,0.012536470588235293,6.971677559912854e-07,0.035904139433551197,0.00010945533769063182,4.880174291938997e-06,0.00715363834422658,0.0006623093681917212,9.132897603485838e-05,0.00039529411764705884,7.66884531590414e-06,0.0053082352941176475,3.485838779956427e-06,0.0,0.0,1.3943355119825708e-06,0.0005661002178649237,0.012536470588235293,6.971677559912854e-07,0.035904139433551197,0.00010945533769063182,26.282199187024226,1.6209150347058825,0.4582852754671281,0.24913494840830452,0.16916570570934258,0.15378700519031144,0.17224144581314882,0.12610534425605538,0.11072664373702433,0.2645136489273354,0.27681660934256036,0.2368319879930798,0.34755863173010415,0.3660130723529409,0.2245290275778545,0.17839292602076143,0.12302960415224926,0.1845444062283739,0.17224144581314835,0.03998462134948101,0.027681660934256083,0.015378700519031103,0.1353325645674742,0.0,0.006151480207612463,0.0030757401038062314,0.0,0.0,0.0030757401038062314,0.0,0.0,0.05228758176470594
emmanuel,neutral,original,images/emmanuel/neutral.jpg,300,300,179.81093333333334,71.37244370527202,3.0,242.0,0.0003402178649237473,0.006826666666666667,0.0003813507625272331,2.091503267973856e-06,0.0,5.577342047930283e-06,0.004898997821350763,0.0006525490196078431,0.0,0.0,0.0,7.389978213507626e-05,0.0023152941176470586,0.01135686274509804,0.03588113289760349,1.0457516339869281e-05,0.0006490631808278867,0.006862222222222223,0.0002628322440087146,2.300653594771242e-05,0.00529359477124183,1.673202614379085e-05,0.0,0.0,0.0,2.2309368191721133e-05,0.013458126361655774,0.00014291938997821352,0.0,0.0016962091503267974,0.034318082788671024,0.0,0.000742483660130719,0.0064983006535947714,0.0005319389978213507,1.533769063180828e-05,6.971677559912854e-07,0.0,0.0,2.8583877995642702e-05,0.01285437908496732,0.005555729847494553,0.0005033551198257081,0.0,0.0,0.0,0.00024610021786492377,0.035768191721132894,25.5809304433564,1.8239138815570939,0.5720876593079586,0.3660130723529412,0.21530180726643602,0.2276047676816609,0.21837754737024226,0.13533256456747408,0.13225682446366796,0.23990772809688563,0.20607458695501715,0.2245290275778549,0.332179931211073,0.3291041911072662,0.26758938903114166,0.2337562478892736,0.1753171859169552,0.2337562478892736,0.16916570570934214,0.06151480207612463,0.01845444062283739,0.06459054217993063,0.1261053442560555,0.0,0.006151480207612463,0.0030757401038062314,0.0,0.009227220311418694,0.0,0.0030757401038062205,0.0,0.02460592083044985
emmanuel,neutral,rotated,images/emmanuel/neutral.jpg,368,368,205.0366109404537,68.15053980097012,3.0,255.0,0.0002233218429148597,0.004535935357129619,0.00025529115237777527,1.3899699766485043e-06,0.0,3.2432632788465102e-06,0.003256699655287446,0.00043320730938878387,0.0,0.0,0.0,5.050224248489566e-05,0.0015414767041031913,0.007543830386596983,0.023846788242707292,0.021053411912969347,0.00043181733941213536,0.004557248230104896,0.00017559954038326106,1.575299306868305e-05,0.003517087364246266,1.1583083138737537e-05,0.0,0.0,0.0,1.4826346417584046e-05,0.008947700063011972,9.220134178435079e-05,0.0,0.0011328255309685311,0.022802457466918714,0.021045998739760555,0.0004892694317802736,0.004324196597353497,0.0003511990807665221,9.266466510990029e-06,4.6332332554950144e-07,0.0,0.0,1.8532933021980058e-05,0.008544608769783907,0.003692223581303977,0.0003340561177211906,0.0,0.0,0.0,0.00016169984061677601,0.04481958189703102,26.400367342458683,0.9935720857231405,0.32874196551652896,0.2699724521280992,0.27364554671487606,0.183654729338843,0.15610651993801655,0.1469237834710744,0.13774104700413237,0.28282828318181796,0.22589531708677668,0.3875114789049591,0.41138659371900865,0.39118457349173524,0.2497704319008263,0.35261708033057887,0.4811753908677691,0.08631772278925628,0.05325987150826433,0.023875114814049612,0.0036730945867768632,0.0514233242148759,0.08448117549586785,0.0018365472933884316,0.0,0.0,0.001836547293388425,0.0,0.0,0.0,0.0018365472933884316,0.018365472933884314
emmanuel,neutral,flipped,images/emmanuel/neutral.jpg,300,300,179.81093333333334,71.37244370527202,3.0,242.0,0.0003402178649237473,0.006826666666666667,0.0003813507625272331,2.091503267973856e-06,0.0,5.577342047930283e-06,0.004898997821350763,0.0006525490196078431,0.0,0.0,0.0,7.389978213507626e-05,0.0023152941176470586,0.01135686274509804,0.03588113289760349,1.0457516339869281e-05,0.0006490631808278867,0.006862222222222223,0.0002628322440087146,2.300653594771242e-05,0.00529359477124183,1.673202614379085e-05,0.0,0.0,0.0,2.2309368191721133e-05,0.013458126361655774,0.00014291938997821352,0.0,0.0016962091503267974,0.034318082788671024,0.0,0.000742483660130719,0.0064983006535947714,0.0005319389978213507,1.533769063180828e-05,6.971677559912854e-07,0.0,0.0,2.8583877995642702e-05,0.01285437908496732,0.005555729847494553,0.0005033551198257081,0.0,0.0,0.0,0.00024610021786492377,0.035768191721132894,25.49480972044983,1.8116109211418687,0.5720876593079586,0.3168012306920416,0.28296808955017305,0.18762014633217994,0.17839292602076126,0.1507112650865052,0.16301422550173025,0.28296808955017283,0.30449827027681636,0.3229527108996543,0.3506343718339104,0.38139177287197207,0.20607458695501715,0.27374086923875457,0.13225682446366796,0.20299884685121128,0.1199538640484426,0.01845444062283739,0.0676662822837371,0.024605920830449764,0.09227220311418695,0.009227220311418694,0.0,0.009227220311418694,0.006151480207612441,0.0,0.0030757401038062314,0.0030757401038062205,0.0,0.030757401038062314
emmanuel,neutral,grayscale,images/emmanuel/neutral.jpg,300,300,179.81093333333334,71.37244370527202,3.0,242.0,0.0003660130718954248,0.007125054466230937,5.925925925925925e-05,1.2549019607843137e-05,0.00022588235294117645,0.005265708061002179,5.298474945533769e-05,0.0,0.0,0.0,0.0006936819172113289,0.01292967320261438,0.0,0.00017568627450980392,0.035833028322440084,5.577342047930283e-06,0.0003660130718954248,0.007125054466230937,5.925925925925925e-05,1.2549019607843137e-05,0.00022588235294117645,0.005265708061002179,5.298474945533769e-05,0.0,0.0,0.0,0.0006936819172113289,0.01292967320261438,0.0,0.00017568627450980392,0.035833028322440084,5.577342047930283e-06,0.0003660130718954248,0.007125054466230937,5.925925925925925e-05,1.2549019607843137e-05,0.00022588235294117645,0.005265708061002179,5.298474945533769e-05,0.0,0.0,0.0,0.0006936819172113289,0.01292967320261438,0.0,0.00017568627450980392,0.035833028322440084,5.577342047930283e-06,26.47904655366782,1.599384853979239,0.5167243374394465,0.2368319879930796,0.16608996560553635,0.17839292602076126,0.17224144581314882,0.10457516352941178,0.1168781239446368,0.23375624788927318,0.21837754737024204,0.14148404477508664,0.3137254905882356,0.31680123069204125,0.23990772809688563,0.1753171859169552,0.15378700519031158,0.1876201463321801,0.11687812394463638,0.03690888124567478,0.015378700519031157,0.039984621349480866,0.1660899656055365,0.0030757401038062314,0.0030757401038062314,0.0030757401038062314,0.0,0.006151480207612463,0.0,0.0,0.0,0.0584390619723184
emmanuel,smiling,original,images/emmanuel/smiling.jpg,300,300,179.65324444444445,71.5030966270088,3.0,242.0,0.0003402178649237473,0.006826666666666667,0.0003813507625272331,2.091503267973856e-06,0.0,5.577342047930283e-06,0.004955468409586057,0.0006797385620915033,4.880174291938997e-06,0.0,0.0,7.389978213507626e-05,0.0025411764705882355,0.011034771241830065,0.03588880174291939,1.0457516339869281e-05,0.0006490631808278867,0.0068650108932461875,0.0002928104575163399,7.877995642701525e-05,0.00529359477124183,1.673202614379085e-05,0.0,0.0,0.0,4.392156862745098e-05,0.013329847494553378,0.00016104575163398692,0.0,0.0016962091503267974,0.034318082788671024,0.0,0.000742483660130719,0.006510849673202614,0.0005918954248366014,3.137254901960784e-05,6.971677559912854e-07,0.0,0.0,2.9978213507625276e-05,0.012678692810457515,0.005641481481481482,0.0005033551198257081,0.0,0.0,0.0,0.00024610021786492377,0.035768191721132894,25.31334105432526,1.9992310674740486,0.5659361791003461,0.3321799312110727,0.23068050778546714,0.23990772809688582,0.2368319879930796,0.12610534425605538,0.1384083046712804,0.25221068851211054,0.20299884685121092,0.26758938903114216,0.3598615921453291,0.34140715152249107,0.2921953098615915,0.2860438296539795,0.17224144581314896,0.2060745869550175,0.16916570570934214,0.05228758176470594,0.01845444062283739,0.05843906197231819,0.09227220311418695,0.0,0.006151480207612463,0.0030757401038062314,0.0,0.009227220311418694,0.0,0.0030757401038062205,0.0,0.02460592083044985
emmanuel,smiling,rotated,images/emmanuel/smiling.jpg,368,368,204.93151140122873,68.28072947433057,3.0,255.0,0.0002233218429148597,0.004535935357129619,0.00025529115237777527,1.3899699766485043e-06,0.0,3.2432632788465102e-06,0.0032942288446569557,0.00045174024241076394,2.7799399532970085e-06,0.0,0.0,5.050224248489566e-05,0.0016929834315578785,0.007327458393565366,0.023852811445939433,0.021053411912969347,0.00043181733941213536,0.004559101523407094,0.00019644909003298862,5.1892212461544164e-05,0.003517087364246266,1.1583083138737537e-05,0.0,0.0,0.0,3.0116016160717595e-05,0.008862448571110864,0.00010332110159753882,0.0,0.0011328255309685311,0.022802457466918714,0.021045998739760555,0.0004892694317802736,0.004332999740538937,0.00039011824011268023,2.0386226324178065e-05,4.6332332554950144e-07,0.0,0.0,1.9922902998628566e-05,0.00842970458504763,0.0037468957337188184,0.0003340561177211906,0.0,0.0,0.0,0.00016169984061677601,0.04481958189703102,26.24058772793389,1.0578512409917358,0.35996326950413227,0.29752066152892565,0.2718089994214876,0.20752984415289258,0.16712580369834712,0.1359044997107438,0.14692378347107451,0.2791551885950411,0.2130394860330577,0.38016528973140534,0.4040404045454549,0.42975206665289223,0.28282828318181796,0.33425160739669457,0.48852158004132284,0.08080808090909099,0.049586776921487476,0.016528925640495885,0.0036730945867768632,0.04775022962809905,0.08080808090909099,0.0018365472933884316,0.0,0.0,0.001836547293388425,0.0,0.0,0.0,0.0018365472933884316,0.018365472933884314
emmanuel,smiling,flipped,images/emmanuel/smiling.jpg,300,300,179.65324444444445,71.5030966270088,3.0,242.0,0.0003402178649237473,0.006826666666666667,0.0003813507625272331,2.091503267973856e-06,0.0,5.577342047930283e-06,0.004955468409586057,0.0006797385620915033,4.880174291938997e-06,0.0,0.0,7.389978213507626e-05,0.0025411764705882355,0.011034771241830065,0.03588880174291939,1.0457516339869281e-05,0.0006490631808278867,0.0068650108932461875,0.0002928104575163399,7.877995642701525e-05,0.00529359477124183,1.673202614379085e-05,0.0,0.0,0.0,4.392156862745098e-05,0.013329847494553378,0.00016104575163398692,0.0,0.0016962091503267974,0.034318082788671024,0.0,0.000742483660130719,0.006510849673202614,0.0005918954248366014,3.137254901960784e-05,6.971677559912854e-07,0.0,0.0,2.9978213507625276e-05,0.012678692810457515,0.005641481481481482,0.0005033551198257081,0.0,0.0,0.0,0.00024610021786492377,0.035768191721132894,25.187235710069206,2.0269127284083046,0.5413302582698963,0.32910419110726646,0.2645136489273357,0.21530180726643602,0.17224144581314882,0.17224144581314882,0.1753171859169552,0.29834679006920395,0.313725490588235,0.3137254905882356,0.3752402926643602,0.3936947332871969,0.2614379088235292,0.28911956975778574,0.13225682446366796,0.20299884685121128,0.12610534425605505,0.006151480207612463,0.06151480207612463,0.018454440622837322,0.0676662822837371,0.009227220311418694,0.0,0.0030757401038062314,0.006151480207612441,0.0,0.0030757401038062314,0.0030757401038062205,0.0,0.030757401038062314
emmanuel,smiling,grayscale,images/emmanuel/smiling.jpg,300,300,179.65324444444445,71.5030966270088,3.0,242.0,0.0003660130718954248,0.007125054466230937,5.925925925925925e-05,9.899782135076254e-05,0.00022797385620915034,0.005265708061002179,5.298474945533769e-05,0.0,0.0,0.0,0.0008421786492374728,0.012692636165577342,0.0,0.00017568627450980392,0.035833028322440084,5.577342047930283e-06,0.0003660130718954248,0.007125054466230937,5.925925925925925e-05,9.899782135076254e-05,0.00022797385620915034,0.005265708061002179,5.298474945533769e-05,0.0,0.0,0.0,0.0008421786492374728,0.012692636165577342,0.0,0.00017568627450980392,0.035833028322440084,5.577342047930283e-06,0.0003660130718954248,0.007125054466230937,5.925925925925925e-05,9.899782135076254e-05,0.00022797385620915034,0.005265708061002179,5.298474945533769e-05,0.0,0.0,0.0,0.0008421786492374728,0.012692636165577342,0.0,0.00017568627450980392,0.035833028322440084,5.577342047930283e-06,26.128412181833912,1.799307960726644,0.5167243374394465,0.2368319879930796,0.17531718591695503,0.1814686661245675,0.1814686661245675,0.11072664373702425,0.1261053442560555,0.23375624788927318,0.22760476768166074,0.1845444062283739,0.3537101119377166,0.33833141141868484,0.2645136489273354,0.2060745869550175,0.15071126508650534,0.18146866612456766,0.1199538640484426,0.03690888124567478,0.0030757401038062314,0.05228758176470575,0.12918108435986173,0.0030757401038062314,0.0030757401038062314,0.0030757401038062314,0.0,0.006151480207612463,0.0,0.0,0.0,0.046136101557093474
emmanuel,surprised,original,images/emmanuel/surprised.jpg,300,300,178.72543333333334,72.41687634669299,3.0,242.0,0.0003409150326797386,0.006966797385620915,0.0004984749455337691,1.4640522875816994e-05,0.0,5.577342047930283e-06,0.004942222222222222,0.000852636165577342,5.577342047930283e-06,0.0,2.091503267973856e-06,9.620915032679738e-05,0.0024463616557734206,0.010682004357298476,0.03588113289760349,1.0457516339869281e-05,0.0006490631808278867,0.0071062309368191716,0.0004949891067538126,6.623093681917212e-05,0.00529359477124183,1.673202614379085e-05,0.0,0.0,0.0,3.067538126361656e-05,0.012905969498910675,0.0001673202614379085,0.0,0.0016962091503267974,0.034318082788671024,0.0,0.0007829193899782135,0.006713725490196078,0.0007801307189542484,3.067538126361656e-05,6.971677559912854e-07,0.0,0.0,2.7189542483660132e-05,0.012238779956427016,0.005631023965141612,0.0005228758169934641,2.7886710239651416e-06,0.0,0.0,0.00024610021786492377,0.035768191721132894,25.325644014740487,1.9407920055017303,0.593617840034602,0.35986159214532876,0.2122260671626298,0.2029988468512111,0.20915032705882355,0.1384083046712803,0.14455978487889287,0.25221068851211054,0.2798923494463666,0.3044982702768169,0.3813917728719727,0.3352556713148786,0.258362168719723,0.2368319879930798,0.16301422550173025,0.2552864286159172,0.15071126508650481,0.046136101557093474,0.02460592083044985,0.033833141141868424,0.08919646301038071,0.0,0.012302960415224926,0.009227220311418694,0.0,0.009227220311418694,0.0,0.0030757401038062205,0.0,0.027681660934256083
emmanuel,surprised,rotated,images/emmanuel/surprised.jpg,368,368,204.30404507325142,69.1616530563444,3.0,255.0,0.0002237851662404092,0.00462860002223952,0.0003386893509766856,9.266466510990029e-06,0.0,3.2432632788465102e-06,0.003286352348122614,0.0005647911338448423,3.7065866043960115e-06,0.0,1.3899699766485043e-06,6.57919122280292e-05,0.0016193150227955075,0.007099503317395011,0.023847251566032842,0.021053411912969347,0.00043181733941213536,0.0047263612439304645,0.00032895956114014605,4.262574595055413e-05,0.003517087364246266,1.1583083138737537e-05,0.0,0.0,0.0,2.0386226324178065e-05,0.00857750472589792,0.00010749101152748433,0.0,0.0011328255309685311,0.022802457466918714,0.021045998739760555,0.0005184588012898921,0.004472923384854887,0.0005115089514066496,2.0386226324178065e-05,4.6332332554950144e-07,0.0,0.0,1.8532933021980058e-05,0.008134104303347047,0.003739019237184477,0.0003465658475110271,1.8532933021980058e-06,0.0,0.0,0.00016169984061677601,0.04481958189703102,26.258953200867772,1.021120295123967,0.34159779657024797,0.2938475669421488,0.27915518859504135,0.2038567495661157,0.16528925640495867,0.12672176324380166,0.16712580369834729,0.2589531683677684,0.2901744723553717,0.4040404045454549,0.3820018370247938,0.4077134991322311,0.2626262629545453,0.3324150601033061,0.48668503274793434,0.1046831957231406,0.05509641880165275,0.01285583105371902,0.0036730945867768632,0.04040404045454535,0.07897153361570255,0.0,0.0,0.0,0.001836547293388425,0.0,0.0,0.0,0.0018365472933884316,0.018365472933884314
emmanuel,surprised,flipped,images/emmanuel/surprised.jpg,300,300,178.72543333333334,72.41687634669299,3.0,242.0,0.0003409150326797386,0.006966797385620915,0.0004984749455337691,1.4640522875816994e-05,0.0,5.577342047930283e-06,0.004942222222222222,0.000852636165577342,5.577342047930283e-06,0.0,2.091503267973856e-06,9.620915032679738e-05,0.0024463616557734206,0.010682004357298476,0.03588113289760349,1.0457516339869281e-05,0.0006490631808278867,0.0071062309368191716,0.0004949891067538126,6.623093681917212e-05,0.00529359477124183,1.673202614379085e-05,0.0,0.0,0.0,3.067538126361656e-05,0.012905969498910675,0.0001673202614379085,0.0,0.0016962091503267974,0.034318082788671024,0.0,0.0007829193899782135,0.006713725490196078,0.0007801307189542484,3.067538126361656e-05,6.971677559912854e-07,0.0,0.0,2.7189542483660132e-05,0.012238779956427016,0.005631023965141612,0.0005228758169934641,2.7886710239651416e-06,0.0,0.0,0.00024610021786492377,0.035768191721132894,25.337946975155713,1.8854286836332181,0.510572857231834,0.32602845100346023,0.23990772809688582,0.2122260671626298,0.2029988468512111,0.17224144581314882,0.1845444062283739,0.353710111937716,0.2798923494463666,0.3936947332871976,0.3998462134948101,0.3321799312110724,0.2091503270588234,0.2706651291349484,0.1353325645674742,0.20299884685121128,0.1199538640484426,0.015378700519031157,0.055363321868512165,0.027681660934255985,0.07381776249134955,0.006151480207612463,0.0,0.006151480207612463,0.006151480207612441,0.0,0.0030757401038062314,0.0,0.0,0.03690888124567478
emmanuel,surprised,grayscale,images/emmanuel/surprised.jpg,300,300,178.72543333333334,72.41687634669299,3.0,242.0,0.0003660130718954248,0.007364880174291939,8.993464052287581e-05,8.714596949891067e-05,0.0004001742919389978,0.005265708061002179,5.298474945533769e-05,0.0,0.0,0.0,0.0007780392156862746,0.012325925925925926,0.0,0.00017568627450980392,0.035833028322440084,5.577342047930283e-06,0.0003660130718954248,0.007364880174291939,8.993464052287581e-05,8.714596949891067e-05,0.0004001742919389978,0.005265708061002179,5.298474945533769e-05,0.0,0.0,0.0,0.0007780392156862746,0.012325925925925926,0.0,0.00017568627450980392,0.035833028322440084,5.577342047930283e-06,0.0003660130718954248,0.007364880174291939,8.993464052287581e-05,8.714596949891067e-05,0.0004001742919389978,0.005265708061002179,5.298474945533769e-05,0.0,0.0,0.0,0.0007780392156862746,0.012325925925925926,0.0,0.00017568627450980392,0.035833028322440084,5.577342047930283e-06,26.08227608027682,1.7500961190657442,0.4890426765051904,0.2768166093425606,0.18454440622837373,0.1937716265397924,0.1814686661245675,0.10149942342560556,0.10457516352941187,0.2952710499653977,0.24605920830449807,0.23990772809688604,0.3598615921453291,0.3660130723529409,0.21222606716262957,0.16301422550173025,0.14455978487889287,0.23990772809688604,0.1045751635294115,0.04306036145328724,0.012302960415224926,0.033833141141868424,0.10457516352941187,0.0030757401038062314,0.006151480207612463,0.0030757401038062314,0.0,0.0030757401038062314,0.0,0.0,0.0,0.055363321868512165
musana,neutral,original,images/musana/neutral.jpg,300,300,184.91472222222222,64.0453117802853,14.0,233.0,1.3943355119825708e-06,0.00031093681917211327,0.005615686274509805,0.006433464052287581,0.0005075381263616558,0.0,1.673202614379085e-05,0.00022169934640522875,0.0,0.0,0.0,6.971677559912854e-06,0.034926710239651416,0.00113359477124183,0.013186230936819173,0.00038413943355119823,2.091503267973856e-06,0.00045385620915032676,0.006494814814814814,0.000837995642701525,6.971677559912854e-06,0.005302657952069717,9.06318082788671e-06,0.0,0.0,0.0,0.0,1.3943355119825709e-05,0.01346091503267974,0.0014856644880174292,0.03467712418300654,0.0,7.738562091503268e-05,0.0007996514161220043,0.006343529411764705,0.0005298474945533769,2.9281045751633987e-05,7.66884531590414e-06,3.485838779956427e-06,1.3246187363834422e-05,0.0001192156862745098,0.004700305010893246,0.01340165577342048,0.0006943790849673202,1.1154684095860567e-05,8.366013071895424e-06,0.0005772549019607843,0.035428671023965144,25.171857009550177,2.0484429091349483,0.6489811619031143,0.35986159214532876,0.19684736664359864,0.17839292602076126,0.19992310674740488,0.1507112650865052,0.16916570570934272,0.35678585204152224,0.17839292602076112,0.2337562478892736,0.31680123069204186,0.33833141141868484,0.2737408692387541,0.3044982702768169,0.15378700519031158,0.19377162653979257,0.20607458695501676,0.06459054217993086,0.0676662822837371,0.06459054217993063,0.08919646301038071,0.0,0.006151480207612463,0.0030757401038062314,0.0,0.0,0.0,0.006151480207612441,0.0,0.01845444062283739
musana,neutral,rotated,images/musana/neutral.jpg,368,368,208.4267264295841,61.80550034734892,14.0,255.0,9.266466510990029e-07,0.00020710552652062716,0.0037274361540457395,0.004276937618147449,0.00033822602765113606,0.0,1.1583083138737537e-05,0.00014687349419919196,0.0,0.0,0.0,4.6332332554950145e-06,0.023218985136587718,0.0007487304940879943,0.008762370732792173,0.02130128989213833,1.3899699766485043e-06,0.00029977019163052746,0.004314466807516957,0.0005587679306126988,4.6332332554950145e-06,0.0035235738908039587,6.4865265576930205e-06,0.0,0.0,0.0,0.0,1.1119759813188034e-05,0.008947236739686424,0.0009896586233737353,0.02304199562622781,0.021045998739760555,5.235553578709366e-05,0.0005249453278475852,0.0042180955558026615,0.00035444234404536864,1.899625634752956e-05,4.6332332554950145e-06,2.3166166277475073e-06,9.266466510990029e-06,7.830164201786575e-05,0.0031274324474591347,0.008905537640386967,0.00046008006227065497,7.413173208792023e-06,6.023203232143519e-06,0.00038363171355498723,0.04459162682086067,26.14692381597108,1.1625344367148762,0.36179981679752066,0.24609733731404962,0.2222222225,0.17630854016528927,0.1891643712190083,0.16712580369834712,0.15243342535123983,0.3287419655165287,0.22222222249999982,0.4058769518388434,0.43342516123966984,0.359963269504132,0.31221303987603277,0.3599632695041326,0.45179063417355414,0.07897153361570255,0.0514233242148759,0.014692378347107453,0.005509641880165295,0.0514233242148759,0.08080808090909099,0.0018365472933884316,0.0,0.0,0.0,0.0,0.0,0.0,0.0018365472933884316,0.014692378347107453
musana,neutral,flipped,images/musana/neutral.jpg,300,300,184.91472222222222,64.0453117802853,14.0,233.0,1.3943355119825708e-06,0.00031093681917211327,0.005615686274509805,0.006433464052287581,0.0005075381263616558,0.0,1.673202614379085e-05,0.00022169934640522875,0.0,0.0,0.0,6.971677559912854e-06,0.034926710239651416,0.00113359477124183,0.013186230936819173,0.00038413943355119823,2.091503267973856e-06,0.00045385620915032676,0.006494814814814814,0.000837995642701525,6.971677559912854e-06,0.005302657952069717,9.06318082788671e-06,0.0,0.0,0.0,0.0,1.3943355119825709e-05,0.01346091503267974,0.0014856644880174292,0.03467712418300654,0.0,7.738562091503268e-05,0.0007996514161220043,0.006343529411764705,0.0005298474945533769,2.9281045751633987e-05,7.66884531590414e-06,3.485838779956427e-06,1.3246187363834422e-05,0.0001192156862745098,0.004700305010893246,0.01340165577342048,0.0006943790849673202,1.1154684095860567e-05,8.366013071895424e-06,0.0005772549019607843,0.035428671023965144,25.144175348615917,2.066897349757786,0.5474817384775087,0.3414071515224914,0.21530180726643602,0.21837754737024226,0.18454440622837373,0.16608996560553635,0.1568627452941178,0.313725490588235,0.28911956975778524,0.3752402926643602,0.3414071515224917,0.34755863173010354,0.258362168719723,0.2829680895501733,0.17839292602076143,0.21837754737024243,0.14763552498269858,0.02153018072664362,0.0,0.04306036145328709,0.08919646301038071,0.009227220311418694,0.0030757401038062314,0.009227220311418694,0.009227220311418661,0.0,0.0,0.0030757401038062205,0.0030757401038062314,0.015378700519031157
musana,neutral,grayscale,images/musana/neutral.jpg,300,300,184.91472222222222,64.0453117802853,14.0,233.0,1.3943355119825708e-06,0.0004322440087145969,0.001546318082788671,0.0055815250544662305,0.0002635294117647059,0.0052824400871459695,0.0,0.0,0.0,0.0,0.0,0.0,0.0009286274509803921,0.04830187363834423,0.00040714596949891066,0.0,1.3943355119825708e-06,0.0004322440087145969,0.001546318082788671,0.0055815250544662305,0.0002635294117647059,0.0052824400871459695,0.0,0.0,0.0,0.0,0.0,0.0,0.0009286274509803921,0.04830187363834423,0.00040714596949891066,0.0,1.3943355119825708e-06,0.0004322440087145969,0.001546318082788671,0.0055815250544662305,0.0002635294117647059,0.0052824400871459695,0.0,0.0,0.0,0.0,0.0,0.0,0.0009286274509803921,0.04830187363834423,0.00040714596949891066,0.0,26.31603232816609,1.7870050003114188,0.49519415671280276,0.25836216871972323,0.13533256456747408,0.14763552498269897,0.16916570570934258,0.14148404477508653,0.10457516352941187,0.2645136489273354,0.13840830467128018,0.19069588643598634,0.31680123069204186,0.29834679006920395,0.258362168719723,0.22145328747404866,0.14455978487889287,0.13225682446366796,0.14455978487889237,0.03998462134948101,0.027681660934256083,0.027681660934255985,0.16916570570934272,0.0030757401038062314,0.0030757401038062314,0.0,0.0030757401038062205,0.0,0.0,0.0030757401038062205,0.0,0.0584390619723184
musana,smiling,original,images/musana/smiling.jpg,300,300,184.713,64.19942062649613,14.0,233.0,1.3943355119825708e-06,0.00031093681917211327,0.005615686274509805,0.006433464052287581,0.0005075381263616558,0.0,9.620915032679738e-05,0.00022239651416122003,8.366013071895424e-06,0.0,0.0,6.971677559912854e-06,0.034926710239651416,0.00113359477124183,0.01299520697167756,0.0004866230936819172,2.091503267973856e-06,0.0004552505446623093,0.006515729847494553,0.0009042265795206971,6.971677559912854e-06,0.005302657952069717,9.06318082788671e-06,0.0,0.0,0.0,0.0,3.137254901960784e-05,0.013341002178649239,0.001499607843137255,0.03467712418300654,0.0,7.738562091503268e-05,0.0008163834422657951,0.006399302832244008,0.0005458823529411765,2.9281045751633987e-05,7.66884531590414e-06,3.485838779956427e-06,1.3246187363834422e-05,0.0001192156862745098,0.004703093681917211,0.01324549019607843,0.0007592156862745098,1.1154684095860567e-05,8.366013071895424e-06,0.0005772549019607843,0.035428671023965144,24.990388343425607,2.1345636320415227,0.6243752410726644,0.37216455256055364,0.1937716265397924,0.19684736664359864,0.19992310674740488,0.15378700519031144,0.1876201463321801,0.34140715152249107,0.17839292602076112,0.2706651291349484,0.3352556713148792,0.38139177287197207,0.3075740103806226,0.32910419110726674,0.15071126508650534,0.1845444062283739,0.18454440622837323,0.06459054217993086,0.055363321868512165,0.07074202238754307,0.0584390619723184,0.0,0.006151480207612463,0.0030757401038062314,0.0,0.0,0.0,0.006151480207612441,0.0,0.01845444062283739
musana,smiling,rotated,images/musana/smiling.jpg,368,368,208.29241493383742,61.96270387543359,14.0,255.0,9.266466510990029e-07,0.00020710552652062716,0.0037274361540457395,0.004276937618147449,0.00033822602765113606,0.0,6.30119722747322e-05,0.00014872678750138996,5.559879906594017e-06,0.0,0.0,4.6332332554950145e-06,0.023218985136587718,0.0007487304940879943,0.008635883464917157,0.02136893509766856,1.3899699766485043e-06,0.00030069683828162644,0.004329756477260091,0.0006013936765632529,4.6332332554950145e-06,0.0035235738908039587,6.4865265576930205e-06,0.0,0.0,0.0,0.0,2.3166166277475073e-05,0.008868008451017458,0.0009979984432336262,0.02304199562622781,0.021045998739760555,5.235553578709366e-05,0.0005356017643352237,0.004255624745172172,0.00036509878053300716,1.899625634752956e-05,4.6332332554950145e-06,2.3166166277475073e-06,9.266466510990029e-06,7.830164201786575e-05,0.0031297490640868823,0.008804069832091626,0.0005003891915934615,7.413173208792023e-06,6.023203232143519e-06,0.00038363171355498723,0.04459162682086067,26.020202052727274,1.2102846663429754,0.38567493161157024,0.24977043190082648,0.2387511481404959,0.19283746580578512,0.20752984415289258,0.15794306723140497,0.16528925640495884,0.31588613446280966,0.2130394860330577,0.4077134991322318,0.4187327828925624,0.3966942153719005,0.3305785128099171,0.3471074384504136,0.45362718146694264,0.08080808090909099,0.0514233242148759,0.0073461891735537264,0.005509641880165295,0.04775022962809905,0.07713498632231412,0.0018365472933884316,0.0,0.0,0.0,0.0,0.0,0.0,0.0018365472933884316,0.014692378347107453
musana,smiling,flipped,images/musana/smiling.jpg,300,300,184.713,64.19942062649613,14.0,233.0,1.3943355119825708e-06,0.00031093681917211327,0.005615686274509805,0.006433464052287581,0.0005075381263616558,0.0,9.620915032679738e-05,0.00022239651416122003,8.366013071895424e-06,0.0,0.0,6.971677559912854e-06,0.034926710239651416,0.00113359477124183,0.01299520697167756,0.0004866230936819172,2.091503267973856e-06,0.0004552505446623093,0.006515729847494553,0.0009042265795206971,6.971677559912854e-06,0.005302657952069717,9.06318082788671e-06,0.0,0.0,0.0,0.0,3.137254901960784e-05,0.013341002178649239,0.001499607843137255,0.03467712418300654,0.0,7.738562091503268e-05,0.0008163834422657951,0.006399302832244008,0.0005458823529411765,2.9281045751633987e-05,7.66884531590414e-06,3.485838779956427e-06,1.3246187363834422e-05,0.0001192156862745098,0.004703093681917211,0.01324549019607843,0.0007592156862745098,1.1154684095860567e-05,8.366013071895424e-06,0.0005772549019607843,0.035428671023965144,24.968858162698965,2.1407151122491355,0.5444059983737025,0.33833141141868517,0.2276047676816609,0.21837754737024226,0.19069588643598617,0.18454440622837373,0.15993848539792405,0.32602845100345995,0.28296808955017283,0.3752402926643602,0.37216455256055403,0.4121491739100343,0.2491349484083043,0.292195309861592,0.19069588643598634,0.2245290275778549,0.1322568244636675,0.02153018072664362,0.006151480207612463,0.036908881245674645,0.0584390619723184,0.009227220311418694,0.0030757401038062314,0.0030757401038062314,0.009227220311418661,0.0,0.0,0.0030757401038062205,0.0030757401038062314,0.015378700519031157
musana,smiling,grayscale,images/musana/smiling.jpg,300,300,184.713,64.19942062649613,14.0,233.0,1.3943355119825708e-06,0.0004322440087145969,0.001546318082788671,0.005671459694989106,0.0002621350762527233,0.0052824400871459695,0.0,0.0,0.0,0.0,0.0,0.0,0.001101525054466231,0.0480404357298475,0.00040714596949891066,0.0,1.3943355119825708e-06,0.0004322440087145969,0.001546318082788671,0.005671459694989106,0.0002621350762527233,0.0052824400871459695,0.0,0.0,0.0,0.0,0.0,0.0,0.001101525054466231,0.0480404357298475,0.00040714596949891066,0.0,1.3943355119825708e-06,0.0004322440087145969,0.001546318082788671,0.005671459694989106,0.0002621350762527233,0.0052824400871459695,0.0,0.0,0.0,0.0,0.0,0.0,0.001101525054466231,0.0480404357298475,0.00040714596949891066,0.0,26.05767015944637,1.9161860846712804,0.47673971608996546,0.255286428615917,0.14455978487889273,0.1599384853979239,0.17224144581314882,0.1384083046712803,0.12302960415224926,0.2706651291349479,0.14148404477508641,0.22760476768166113,0.3414071515224917,0.3352556713148786,0.2737408692387541,0.2552864286159172,0.15071126508650534,0.13225682446366796,0.14148404477508614,0.03998462134948101,0.015378700519031157,0.033833141141868424,0.1384083046712804,0.0030757401038062314,0.0030757401038062314,0.0,0.0030757401038062205,0.0,0.0,0.0030757401038062205,0.0,0.046136101557093474
musana,surprised,original,images/musana/surprised.jpg,300,300,183.57264444444445,65.26029429655968,16.0,233.0,6.971677559912854e-07,0.0004845315904139434,0.005709106753812637,0.006437647058823529,0.0005075381263616558,0.0,6.483660130718953e-05,0.0004155119825708061,6.971677559912854e-06,0.0,0.0,6.971677559912854e-06,0.03492880174291939,0.00115520697167756,0.012631285403050108,0.00039599128540305015,2.7886710239651416e-06,0.0006929847494553376,0.0067234858387799565,0.0008888888888888889,6.971677559912854e-06,0.005302657952069717,9.06318082788671e-06,0.0,0.0,0.0,0.0,2.9978213507625276e-05,0.012896209150326798,0.0015149455337690632,0.03467712418300654,0.0,0.00011572984749455338,0.0010178649237472766,0.006587538126361656,0.0005486710239651416,2.9281045751633987e-05,7.66884531590414e-06,3.485838779956427e-06,1.3246187363834422e-05,0.0001192156862745098,0.004703790849673203,0.012807668845315905,0.0007417864923747277,3.067538126361656e-05,1.2549019607843137e-05,0.0005772549019607843,0.035428671023965144,24.999615563737027,2.029988468512111,0.6274509811764707,0.3783160327681661,0.20915032705882355,0.20915032705882355,0.1814686661245675,0.16301422550173011,0.1568627452941178,0.3660130723529409,0.2491349484083043,0.3752402926643602,0.33833141141868545,0.34140715152249107,0.28296808955017283,0.2952710499653982,0.12918108435986173,0.21837754737024243,0.19069588643598567,0.06459054217993086,0.046136101557093474,0.04921184166089953,0.05228758176470594,0.0030757401038062314,0.009227220311418694,0.0030757401038062314,0.0030757401038062205,0.0030757401038062314,0.0,0.006151480207612441,0.0,0.01845444062283739
musana,surprised,rotated,images/musana/surprised.jpg,368,368,207.5226916942344,63.00062438908081,16.0,255.0,4.6332332554950144e-07,0.00032247303458245304,0.0037941547129248677,0.004279717558100745,0.00033822602765113606,0.0,4.308906927610363e-05,0.0002766040253530524,3.7065866043960115e-06,0.0,0.0,4.6332332554950145e-06,0.023220375106564363,0.00076216687052893,0.008388468809073724,0.02131101968197487,1.8532933021980058e-06,0.00046332332554950144,0.0044682901515993925,0.0005902739167500648,4.6332332554950145e-06,0.0035235738908039587,6.4865265576930205e-06,0.0,0.0,0.0,0.0,2.1312872975277067e-05,0.008567774936061381,0.0010095815263723637,0.02304199562622781,0.021045998739760555,7.737499536676675e-05,0.0006796953185811186,0.004376088809815042,0.00036602542718410614,1.899625634752956e-05,4.6332332554950145e-06,2.3166166277475073e-06,9.266466510990029e-06,7.830164201786575e-05,0.0031297490640868823,0.008508006227065495,0.0004901960784313725,2.0386226324178065e-05,8.803143185440528e-06,0.00038363171355498723,0.04459162682086067,26.02571169460744,1.1643709840082646,0.36363636409090916,0.26629935754132233,0.24793388460743804,0.20752984415289258,0.17814508745867771,0.16161616181818184,0.17630854016528943,0.28282828318181796,0.308539945289256,0.42056933018595083,0.4389348031198352,0.34527089115702453,0.3250688709297518,0.32690541822314084,0.46280991793388476,0.1046831957231406,0.0440771350413222,0.0073461891735537264,0.005509641880165295,0.04040404045454535,0.07713498632231412,0.0018365472933884316,0.0,0.0,0.0,0.0,0.0,0.0,0.0018365472933884316,0.014692378347107453
musana,surprised,flipped,images/musana/surprised.jpg,300,300,183.57264444444445,65.26029429655969,16.0,233.0,6.971677559912854e-07,0.0004845315904139434,0.005709106753812637,0.006437647058823529,0.0005075381263616558,0.0,6.483660130718953e-05,0.0004155119825708061,6.971677559912854e-06,0.0,0.0,6.971677559912854e-06,0.03492880174291939,0.00115520697167756,0.012631285403050108,0.00039599128540305015,2.7886710239651416e-06,0.0006929847494553376,0.0067234858387799565,0.0008888888888888889,6.971677559912854e-06,0.005302657952069717,9.06318082788671e-06,0.0,0.0,0.0,0.0,2.9978213507625276e-05,0.012896209150326798,0.0015149455337690632,0.03467712418300654,0.0,0.00011572984749455338,0.0010178649237472766,0.006587538126361656,0.0005486710239651416,2.9281045751633987e-05,7.66884531590414e-06,3.485838779956427e-06,1.3246187363834422e-05,0.0001192156862745098,0.004703790849673203,0.012807668845315905,0.0007417864923747277,3.067538126361656e-05,1.2549019607843137e-05,0.0005772549019607843,0.035428671023965144,25.051903145501733,2.0361399487197236,0.4736639759861592,0.3660130723529412,0.21837754737024226,0.23068050778546714,0.20915032705882355,0.1937716265397924,0.16301422550173025,0.34755863173010354,0.3075740103806226,0.4736639759861596,0.3844675129757789,0.3444828916262973,0.21222606716262957,0.3014225301730107,0.15071126508650534,0.2153018072664362,0.12610534425605505,0.02460592083044985,0.01845444062283739,0.039984621349480866,0.06459054217993086,0.009227220311418694,0.0,0.006151480207612463,0.009227220311418661,0.0,0.0,0.0030757401038062205,0.0,0.01845444062283739
musana,surprised,grayscale,images/musana/surprised.jpg,300,300,183.57264444444445,65.26029429655968,16.0,233.0,0.0,0.0006595206971677561,0.0015909368191721132,0.005658910675381264,0.0004350326797385621,0.0052824400871459695,0.0,0.0,0.0,0.0,0.0,0.0,0.0010115904139433552,0.047699520697167756,0.00040714596949891066,0.0,0.0,0.0006595206971677561,0.0015909368191721132,0.005658910675381264,0.0004350326797385621,0.0052824400871459695,0.0,0.0,0.0,0.0,0.0,0.0,0.0010115904139433552,0.047699520697167756,0.00040714596949891066,0.0,0.0,0.0006595206971677561,0.0015909368191721132,0.005658910675381264,0.0004350326797385621,0.0052824400871459695,0.0,0.0,0.0,0.0,0.0,0.0,0.0010115904139433552,0.047699520697167756,0.00040714596949891066,0.0,25.983852396955022,1.8239138815570939,0.4859669364013841,0.30449827027681664,0.13533256456747408,0.17224144581314882,0.17531718591695503,0.14763552498269897,0.10149942342560564,0.2952710499653977,0.20299884685121092,0.3229527108996543,0.3936947332871976,0.2706651291349479,0.23375624788927318,0.2368319879930798,0.14455978487889287,0.16916570570934272,0.14455978487889237,0.03998462134948101,0.02153018072664362,0.024605920830449764,0.10149942342560564,0.0030757401038062314,0.006151480207612463,0.0,0.0030757401038062205,0.0,0.0,0.0,0.0,0.055363321868512165
vestine,neutral,original,images/vestine/neutral.jpg,300,300,193.7281111111111,62.952027315240336,17.0,240.0,0.0,0.00031790849673202616,0.00016662309368191722,5.228758169934641e-05,0.0067911111111111115,0.0002063616557734205,3.416122004357299e-05,0.0002203050108932462,2.091503267973856e-06,8.226579520697168e-05,0.00020287581699346405,0.005030762527233115,6.971677559912854e-07,6.274509803921568e-06,0.0020880174291938998,0.04754335511982571,1.3943355119825708e-06,0.00045315904139433546,0.000999041394335512,0.006339346405228758,0.00524479302832244,6.971677559912854e-05,0.0,0.0,0.0,0.0,0.0,6.971677559912854e-07,0.012528104575163398,0.036155119825708064,0.0009537254901960784,0.0,8.296296296296296e-05,0.0014814814814814816,0.00621037037037037,1.3943355119825709e-05,0.004687755991285403,0.0006295424836601307,1.3943355119825708e-06,0.0,0.0,0.0,0.0015003050108932463,0.012081220043572984,4.7407407407407407e-05,0.034769150326797386,0.0012395642701525055,0.0,25.556324522525955,1.9192618247750866,0.5905420999307959,0.3321799312110727,0.1814686661245675,0.15686274529411767,0.23068050778546714,0.13225682446366785,0.19377162653979257,0.3352556713148786,0.1753171859169549,0.1876201463321801,0.3352556713148792,0.2614379088235292,0.3352556713148786,0.24298346820069228,0.15993848539792405,0.2060745869550175,0.1322568244636675,0.04306036145328724,0.015378700519031157,0.07996924269896173,0.13225682446366796,0.0030757401038062314,0.006151480207612463,0.006151480207612463,0.006151480207612441,0.0030757401038062314,0.0,0.0,0.0,0.03998462134948101
vestine,neutral,rotated,images/vestine/neutral.jpg,368,368,214.28466150756142,58.90234731001402,17.0,255.0,0.0,0.00021173875977612217,0.00010795433485303384,3.567589606731161e-05,0.004512769190852144,0.00013760702768820195,2.2702842951925574e-05,0.00014594684754809298,1.3899699766485043e-06,5.467215241484117e-05,0.00013390044108380593,0.003343804440490752,9.266466510990029e-07,3.7065866043960115e-06,0.001392286593276252,0.05264001630898106,9.266466510990029e-07,0.0003002335149560769,0.000664405648837985,0.004211609029244968,0.0034846547314578004,4.725897920604915e-05,0.0,0.0,0.0,0.0,0.0,4.6332332554950144e-07,0.00832731013010119,0.02403350754290374,0.0006287297527706734,0.021045998739760555,5.467215241484117e-05,0.0009813188035138441,0.004129137477297156,9.266466510990029e-06,0.003116776010971496,0.0004169909929945513,9.266466510990029e-07,0.0,0.0,0.0,0.0009933652099781312,0.008033563141702806,3.15059861373661e-05,0.023108250861781386,0.0008233255495014642,0.021045998739760555,26.28466486297521,1.1441689637809918,0.36363636409090916,0.21671258061983475,0.23140495896694216,0.16161616181818184,0.2038567495661157,0.1469237834710744,0.1579430672314051,0.2718089994214874,0.23140495896694196,0.43158861394628145,0.3893480261983475,0.37465564785123934,0.2773186413016527,0.30486685070247965,0.49035812733471124,0.1101928376033059,0.018365472933884252,0.02571166210743804,0.0073461891735537264,0.04775022962809905,0.08448117549586785,0.0036730945867768632,0.0,0.0,0.0,0.0,0.0,0.0,0.0018365472933884316,0.018365472933884314
vestine,neutral,flipped,images/vestine/neutral.jpg,300,300,193.7281111111111,62.952027315240336,17.0,240.0,0.0,0.00031790849673202616,0.00016662309368191722,5.228758169934641e-05,0.0067911111111111115,0.0002063616557734205,3.416122004357299e-05,0.0002203050108932462,2.091503267973856e-06,8.226579520697168e-05,0.00020287581699346405,0.005030762527233115,6.971677559912854e-07,6.274509803921568e-06,0.0020880174291938998,0.04754335511982571,1.3943355119825708e-06,0.00045315904139433546,0.000999041394335512,0.006339346405228758,0.00524479302832244,6.971677559912854e-05,0.0,0.0,0.0,0.0,0.0,6.971677559912854e-07,0.012528104575163398,0.036155119825708064,0.0009537254901960784,0.0,8.296296296296296e-05,0.0014814814814814816,0.00621037037037037,1.3943355119825709e-05,0.004687755991285403,0.0006295424836601307,1.3943355119825708e-06,0.0,0.0,0.0,0.0015003050108932463,0.012081220043572984,4.7407407407407407e-05,0.034769150326797386,0.0012395642701525055,0.0,25.353325675674743,2.0115340278892737,0.5413302582698963,0.3075740103806229,0.255286428615917,0.19069588643598617,0.19069588643598617,0.14763552498269897,0.16301422550173025,0.286043829653979,0.25221068851211054,0.3260284510034605,0.3752402926643602,0.34140715152249107,0.2614379088235292,0.3014225301730107,0.15378700519031158,0.19069588643598634,0.10149942342560529,0.01845444062283739,0.02460592083044985,0.036908881245674645,0.10149942342560564,0.006151480207612463,0.006151480207612463,0.012302960415224926,0.0030757401038062205,0.006151480207612463,0.0030757401038062314,0.0,0.0,0.030757401038062314
vestine,neutral,grayscale,images/vestine/neutral.jpg,300,300,193.7281111111111,62.952027315240336,17.0,240.0,0.0,0.00044479302832244006,0.00012479302832244007,0.006936122004357299,0.00028305010893246187,4.183006535947712e-06,0.005310326797385621,4.183006535947712e-06,0.0,0.0,0.0,0.0,0.0001436165577342048,0.013544575163398694,0.03594527233115468,4.183006535947712e-06,0.0,0.00044479302832244006,0.00012479302832244007,0.006936122004357299,0.00028305010893246187,4.183006535947712e-06,0.005310326797385621,4.183006535947712e-06,0.0,0.0,0.0,0.0,0.0001436165577342048,0.013544575163398694,0.03594527233115468,4.183006535947712e-06,0.0,0.00044479302832244006,0.00012479302832244007,0.006936122004357299,0.00028305010893246187,4.183006535947712e-06,0.005310326797385621,4.183006535947712e-06,0.0,0.0,0.0,0.0,0.0001436165577342048,0.013544575163398694,0.03594527233115468,4.183006535947712e-06,26.426758971903116,1.7131872378200692,0.4582852754671281,0.25836216871972323,0.1384083046712803,0.11687812394463669,0.20915032705882355,0.11072664373702425,0.1476355249826991,0.2491349484083043,0.1753171859169549,0.15993848539792405,0.27989234944636704,0.2921953098615915,0.28911956975778524,0.2060745869550175,0.14148404477508664,0.17224144581314896,0.11380238384083016,0.03690888124567478,0.009227220311418694,0.039984621349480866,0.18146866612456766,0.0030757401038062314,0.0030757401038062314,0.009227220311418694,0.0,0.0,0.0,0.0030757401038062205,0.0,0.055363321868512165
vestine,smiling,original,images/vestine/smiling.jpg,300,300,193.51787777777778,63.13762333494239,17.0,240.0,0.0,0.00031790849673202616,0.00016662309368191722,5.228758169934641e-05,0.0067911111111111115,0.00020705882352941177,0.0001052723311546841,0.0002300653594771242,9.06318082788671e-06,8.226579520697168e-05,0.00020287581699346405,0.005030762527233115,6.971677559912854e-07,6.274509803921568e-06,0.0023752505446623094,0.04716758169934641,1.3943355119825708e-06,0.0004552505446623093,0.001033202614379085,0.006391633986928104,0.00524479302832244,6.971677559912854e-05,0.0,0.0,0.0,0.0,0.0,6.971677559912854e-07,0.012275729847494553,0.03631895424836601,0.0009537254901960784,0.0,8.296296296296296e-05,0.001489847494553377,0.006279389978213507,2.5098039215686273e-05,0.004687755991285403,0.0006295424836601307,1.3943355119825708e-06,0.0,0.0,0.0,0.0016620479302832244,0.011830936819172112,4.7407407407407407e-05,0.034769150326797386,0.0012395642701525055,0.0,25.337946975155713,2.017685508096886,0.5843906197231834,0.3321799312110727,0.2122260671626298,0.16608996560553635,0.23375624788927338,0.13225682446366785,0.19069588643598634,0.3444828916262973,0.1753171859169549,0.2245290275778549,0.34755863173010415,0.313725490588235,0.35678585204152224,0.2460592083044985,0.16916570570934272,0.19069588643598634,0.1322568244636675,0.04306036145328724,0.015378700519031157,0.06766628228373685,0.10149942342560564,0.0030757401038062314,0.006151480207612463,0.006151480207612463,0.006151480207612441,0.0030757401038062314,0.0,0.0,0.0,0.03998462134948101
vestine,smiling,rotated,images/vestine/smiling.jpg,368,368,214.14485615548205,59.082702531264644,17.0,255.0,0.0,0.00021173875977612217,0.00010795433485303384,3.567589606731161e-05,0.004512769190852144,0.00013807035101375144,6.857185218132623e-05,0.000154286667407984,5.559879906594017e-06,5.467215241484117e-05,0.00013390044108380593,0.003343804440490752,9.266466510990029e-07,3.7065866043960115e-06,0.001588272359983691,0.05238518847992883,9.266466510990029e-07,0.0003016234849327254,0.0006884984617665592,0.004244968308684533,0.0034846547314578004,4.725897920604915e-05,0.0,0.0,0.0,0.0,0.0,4.6332332554950144e-07,0.008157270469624523,0.024144705141035623,0.0006287297527706734,0.021045998739760555,5.467215241484117e-05,0.0009864153600948886,0.004175006486526558,1.7142963045331557e-05,0.003116776010971496,0.0004169909929945513,9.266466510990029e-07,0.0,0.0,0.0,0.001104099484784462,0.007863986804551689,3.15059861373661e-05,0.023108250861781386,0.0008233255495014642,0.021045998739760555,26.174472025371905,1.199265382582645,0.367309458677686,0.24242424272727275,0.2332415062603306,0.18732782392561986,0.2130394860330579,0.14325068888429754,0.1561065199380167,0.24609733731404942,0.24242424272727256,0.4003673099586781,0.39302112078512436,0.40036730995867736,0.3140495871694213,0.2975206615289259,0.48484848545454595,0.10284664842975216,0.023875114814049525,0.02203856752066118,0.0073461891735537264,0.0440771350413222,0.08080808090909099,0.0036730945867768632,0.0,0.0,0.0,0.0,0.0,0.0,0.0018365472933884316,0.018365472933884314
vestine,smiling,flipped,images/vestine/smiling.jpg,300,300,193.51787777777778,63.13762333494239,17.0,240.0,0.0,0.00031790849673202616,0.00016662309368191722,5.228758169934641e-05,0.0067911111111111115,0.00020705882352941177,0.0001052723311546841,0.0002300653594771242,9.06318082788671e-06,8.226579520697168e-05,0.00020287581699346405,0.005030762527233115,6.971677559912854e-07,6.274509803921568e-06,0.0023752505446623094,0.04716758169934641,1.3943355119825708e-06,0.0004552505446623093,0.001033202614379085,0.006391633986928104,0.00524479302832244,6.971677559912854e-05,0.0,0.0,0.0,0.0,0.0,6.971677559912854e-07,0.012275729847494553,0.03631895424836601,0.0009537254901960784,0.0,8.296296296296296e-05,0.001489847494553377,0.006279389978213507,2.5098039215686273e-05,0.004687755991285403,0.0006295424836601307,1.3943355119825708e-06,0.0,0.0,0.0,0.0016620479302832244,0.011830936819172112,4.7407407407407407e-05,0.034769150326797386,0.0012395642701525055,0.0,25.12572090799308,2.1068819711072666,0.5444059983737025,0.3168012306920416,0.26758938903114193,0.2122260671626298,0.17224144581314882,0.16608996560553635,0.19069588643598634,0.28296808955017283,0.2706651291349479,0.3137254905882356,0.40599769370242256,0.36908881245674713,0.2798923494463666,0.30757401038062315,0.17224144581314896,0.19377162653979257,0.10149942342560529,0.012302960415224926,0.030757401038062314,0.018454440622837322,0.07689350259515579,0.006151480207612463,0.006151480207612463,0.006151480207612463,0.0030757401038062205,0.006151480207612463,0.0030757401038062314,0.0,0.0,0.030757401038062314
vestine,smiling,grayscale,images/vestine/smiling.jpg,300,300,193.51787777777778,63.13762333494239,17.0,240.0,0.0,0.00044479302832244006,0.00012479302832244007,0.007024662309368192,0.00028305010893246187,4.183006535947712e-06,0.005310326797385621,4.183006535947712e-06,0.0,0.0,0.0,0.0,0.00017010893246187364,0.013428148148148147,0.03594666666666666,4.183006535947712e-06,0.0,0.00044479302832244006,0.00012479302832244007,0.007024662309368192,0.00028305010893246187,4.183006535947712e-06,0.005310326797385621,4.183006535947712e-06,0.0,0.0,0.0,0.0,0.00017010893246187364,0.013428148148148147,0.03594666666666666,4.183006535947712e-06,0.0,0.00044479302832244006,0.00012479302832244007,0.007024662309368192,0.00028305010893246187,4.183006535947712e-06,0.005310326797385621,4.183006535947712e-06,0.0,0.0,0.0,0.0,0.00017010893246187364,0.013428148148148147,0.03594666666666666,4.183006535947712e-06,26.183775503702428,1.8054594409342564,0.4613610155709343,0.255286428615917,0.14763552498269897,0.13225682446366785,0.20915032705882355,0.11995386404844291,0.15071126508650534,0.25528642861591677,0.18146866612456733,0.19377162653979257,0.30757401038062315,0.3352556713148786,0.3075740103806226,0.23068050778546736,0.14148404477508664,0.17224144581314896,0.11687812394463638,0.03690888124567478,0.009227220311418694,0.033833141141868424,0.15071126508650534,0.0030757401038062314,0.0030757401038062314,0.009227220311418694,0.0,0.0,0.0,0.0030757401038062205,0.0,0.04306036145328724
vestine,surprised,original,images/vestine/surprised.jpg,300,300,192.34331111111112,64.35927597594346,18.0,240.0,0.0,0.00046919389978213505,0.0002802614379084967,5.786492374727669e-05,0.0067911111111111115,0.0002063616557734205,7.947712418300654e-05,0.0004169063180827887,9.06318082788671e-06,8.226579520697168e-05,0.00020287581699346405,0.005030762527233115,2.091503267973856e-06,3.067538126361656e-05,0.0022699782135076254,0.04681620915032679,2.7886710239651416e-06,0.0006894989106753812,0.0012423529411764707,0.0063776906318082785,0.00524479302832244,6.971677559912854e-05,0.0,0.0,0.0,0.0,0.0,2.091503267973856e-06,0.011866492374727668,0.0362959477124183,0.0009537254901960784,0.0,0.0001150326797385621,0.0017115468409586057,0.0064515904139433545,2.9978213507625276e-05,0.004687755991285403,0.0006295424836601307,1.3943355119825708e-06,0.0,0.0,0.0,0.001507276688453159,0.011526971677559913,6.135076252723312e-05,0.03478309368191721,0.0012395642701525055,0.0,25.390234556920415,1.980776626851211,0.5690119192041523,0.31372549058823535,0.19069588643598617,0.16608996560553635,0.2214532874740485,0.12918108435986161,0.15993848539792405,0.37216455256055336,0.258362168719723,0.3260284510034605,0.29834679006920445,0.286043829653979,0.313725490588235,0.2460592083044985,0.13225682446366796,0.22145328747404866,0.14763552498269858,0.046136101557093474,0.006151480207612463,0.06459054217993063,0.08919646301038071,0.006151480207612463,0.0030757401038062314,0.006151480207612463,0.006151480207612441,0.0030757401038062314,0.0,0.0,0.0,0.046136101557093474
vestine,surprised,rotated,images/vestine/surprised.jpg,368,368,213.35179141068053,60.243561067691694,18.0,255.0,0.0,0.000312279921420364,0.00018857259349864712,3.891915934615812e-05,0.004512769190852144,0.00013760702768820195,5.281885911264317e-05,0.0002766040253530524,5.559879906594017e-06,5.467215241484117e-05,0.00013390044108380593,0.003343804440490752,1.8532933021980058e-06,2.1312872975277067e-05,0.0015044108380592312,0.05216001334371178,1.8532933021980058e-06,0.00046147003224730347,0.0008284221060825087,0.004234775195522443,0.0034846547314578004,4.725897920604915e-05,0.0,0.0,0.0,0.0,0.0,1.8532933021980058e-06,0.007886226324178064,0.024123855591385895,0.0006287297527706734,0.021045998739760555,7.737499536676675e-05,0.001139312057526224,0.004287130731309537,1.9922902998628566e-05,0.003116776010971496,0.0004169909929945513,9.266466510990029e-07,0.0,0.0,0.0,0.0009979984432336262,0.007660587864635458,4.123577597390563e-05,0.023117517328292373,0.0008233255495014642,0.021045998739760555,26.189164403719012,1.1129476597933885,0.36547291138429755,0.24426079002066117,0.24242424272727275,0.2020202022727273,0.19834710768595043,0.1414141415909091,0.16161616181818197,0.26629935754132206,0.3177226817561981,0.4040404045454549,0.41505968830578555,0.35445362762396665,0.28833792506198325,0.2865013777685953,0.5068870529752071,0.11937557407024806,0.023875114814049525,0.014692378347107453,0.0073461891735537264,0.036730945867768504,0.07897153361570255,0.0018365472933884316,0.0,0.0,0.0,0.0,0.0,0.0,0.0018365472933884316,0.018365472933884314
vestine,surprised,flipped,images/vestine/surprised.jpg,300,300,192.34331111111112,64.35927597594346,18.0,240.0,0.0,0.00046919389978213505,0.0002802614379084967,5.786492374727669e-05,0.0067911111111111115,0.0002063616557734205,7.947712418300654e-05,0.0004169063180827887,9.06318082788671e-06,8.226579520697168e-05,0.00020287581699346405,0.005030762527233115,2.091503267973856e-06,3.067538126361656e-05,0.0022699782135076254,0.04681620915032679,2.7886710239651416e-06,0.0006894989106753812,0.0012423529411764707,0.0063776906318082785,0.00524479302832244,6.971677559912854e-05,0.0,0.0,0.0,0.0,0.0,2.091503267973856e-06,0.011866492374727668,0.0362959477124183,0.0009537254901960784,0.0,0.0001150326797385621,0.0017115468409586057,0.0064515904139433545,2.9978213507625276e-05,0.004687755991285403,0.0006295424836601307,1.3943355119825708e-06,0.0,0.0,0.0,0.001507276688453159,0.011526971677559913,6.135076252723312e-05,0.03478309368191721,0.0012395642701525055,0.0,25.276432173079588,2.0207612482006923,0.4859669364013841,0.31372549058823535,0.23068050778546714,0.19992310674740488,0.2029988468512111,0.19069588643598617,0.15378700519031158,0.31064975048442883,0.28296808955017283,0.4244521343252599,0.3752402926643602,0.3598615921453284,0.23068050778546698,0.292195309861592,0.1384083046712804,0.19992310674740504,0.08612072290657417,0.012302960415224926,0.03690888124567478,0.024605920830449764,0.08612072290657448,0.009227220311418694,0.0,0.006151480207612463,0.0030757401038062205,0.006151480207612463,0.0030757401038062314,0.0,0.0,0.03690888124567478
vestine,surprised,grayscale,images/vestine/surprised.jpg,300,300,192.34331111111112,64.35927597594346,18.0,240.0,0.0,0.0006623093681917212,0.00017777777777777779,0.007008627450980392,0.0004594335511982571,4.183006535947712e-06,0.005310326797385621,4.183006535947712e-06,0.0,0.0,0.0,0.0,0.00016174291938997822,0.013007755991285404,0.03594457516339869,4.183006535947712e-06,0.0,0.0006623093681917212,0.00017777777777777779,0.007008627450980392,0.0004594335511982571,4.183006535947712e-06,0.005310326797385621,4.183006535947712e-06,0.0,0.0,0.0,0.0,0.00016174291938997822,0.013007755991285404,0.03594457516339869,4.183006535947712e-06,0.0,0.0006623093681917212,0.00017777777777777779,0.007008627450980392,0.0004594335511982571,4.183006535947712e-06,0.005310326797385621,4.183006535947712e-06,0.0,0.0,0.0,0.0,0.00016174291938997822,0.013007755991285404,0.03594457516339869,4.183006535947712e-06,26.079200340173013,1.7747020398961941,0.47981545619377164,0.26758938903114193,0.15378700519031144,0.14455978487889273,0.20607458695501732,0.11380238384083045,0.12918108435986173,0.3229527108996537,0.23068050778546698,0.28911956975778574,0.292195309861592,0.30449827027681636,0.25528642861591677,0.2245290275778549,0.15378700519031158,0.2060745869550175,0.11380238384083016,0.03690888124567478,0.006151480207612463,0.030757401038062206,0.11380238384083056,0.0030757401038062314,0.006151480207612463,0.009227220311418694,0.0,0.0,0.0,0.0,0.0,0.05228758176470594
